<annotation>
  <folder></folder>
  <filename>Datacluster Fire and Smoke Sample (9).jpg</filename>
  <source>
    <database>Unknown</database>
    <annotation>Unknown</annotation>
    <image>Unknown</image>
  </source>
  <size>
    <width>534</width>
    <height>712</height>
    <depth></depth>
  </size>
  <segmented>0</segmented>
  <object>
    <name>fire</name>
    <truncated>0</truncated>
    <occluded>0</occluded>
    <difficult>0</difficult>
    <bndbox>
      <xmin>56.7</xmin>
      <ymin>26.66</ymin>
      <xmax>265.85</xmax>
      <ymax>367.08</ymax>
    </bndbox>
    <attributes>
      <attribute>
        <name>rotation</name>
        <value>0.0</value>
      </attribute>
    </attributes>
  </object>
  <object>
    <name>fire</name>
    <truncated>0</truncated>
    <occluded>0</occluded>
    <difficult>0</difficult>
    <bndbox>
      <xmin>36.67</xmin>
      <ymin>448.3</ymin>
      <xmax>184.63</xmax>
      <ymax>602.93</ymax>
    </bndbox>
    <attributes>
      <attribute>
        <name>rotation</name>
        <value>0.0</value>
      </attribute>
    </attributes>
  </object>
</annotation>
