<annotation>
  <folder></folder>
  <filename>Datacluster Fire and Smoke Sample (5).jpg</filename>
  <source>
    <database>Unknown</database>
    <annotation>Unknown</annotation>
    <image>Unknown</image>
  </source>
  <size>
    <width>1844</width>
    <height>4000</height>
    <depth></depth>
  </size>
  <segmented>0</segmented>
  <object>
    <name>fire</name>
    <truncated>0</truncated>
    <occluded>0</occluded>
    <difficult>0</difficult>
    <bndbox>
      <xmin>315.62</xmin>
      <ymin>1143.75</ymin>
      <xmax>1415.62</xmax>
      <ymax>1487.5</ymax>
    </bndbox>
    <attributes>
      <attribute>
        <name>rotation</name>
        <value>0.0</value>
      </attribute>
    </attributes>
  </object>
</annotation>
