<annotation>
  <folder></folder>
  <filename>Datacluster Fire and Smoke Sample (8).jpg</filename>
  <source>
    <database>Unknown</database>
    <annotation>Unknown</annotation>
    <image>Unknown</image>
  </source>
  <size>
    <width>575</width>
    <height>2468</height>
    <depth></depth>
  </size>
  <segmented>0</segmented>
  <object>
    <name>fire</name>
    <truncated>0</truncated>
    <occluded>0</occluded>
    <difficult>0</difficult>
    <bndbox>
      <xmin>127.77</xmin>
      <ymin>1037.84</ymin>
      <xmax>486.4</xmax>
      <ymax>1681.84</ymax>
    </bndbox>
    <attributes>
      <attribute>
        <name>rotation</name>
        <value>0.0</value>
      </attribute>
    </attributes>
  </object>
</annotation>
