<annotation>
  <folder></folder>
  <filename>Datacluster Fire and Smoke Sample (7).jpg</filename>
  <source>
    <database>Unknown</database>
    <annotation>Unknown</annotation>
    <image>Unknown</image>
  </source>
  <size>
    <width>1864</width>
    <height>880</height>
    <depth></depth>
  </size>
  <segmented>0</segmented>
  <object>
    <name>fire</name>
    <truncated>0</truncated>
    <occluded>0</occluded>
    <difficult>0</difficult>
    <bndbox>
      <xmin>308.54</xmin>
      <ymin>446.54</ymin>
      <xmax>1128.96</xmax>
      <ymax>879.72</ymax>
    </bndbox>
    <attributes>
      <attribute>
        <name>rotation</name>
        <value>0.0</value>
      </attribute>
    </attributes>
  </object>
</annotation>
