<annotation>
  <folder></folder>
  <filename>Datacluster Fire and Smoke Sample (26).jpg</filename>
  <source>
    <database>Unknown</database>
    <annotation>Unknown</annotation>
    <image>Unknown</image>
  </source>
  <size>
    <width>1932</width>
    <height>2576</height>
    <depth></depth>
  </size>
  <segmented>0</segmented>
  <object>
    <name>fire</name>
    <truncated>0</truncated>
    <occluded>0</occluded>
    <difficult>0</difficult>
    <bndbox>
      <xmin>374.48</xmin>
      <ymin>1090.93</ymin>
      <xmax>1541.73</xmax>
      <ymax>1899.96</ymax>
    </bndbox>
    <attributes>
      <attribute>
        <name>rotation</name>
        <value>0.0</value>
      </attribute>
    </attributes>
  </object>
</annotation>
